from,to,message,timestamp
Spot,,Hello world!,2025-06-17T14:11:03.238762
Tobik,Spot,"Hey there, Spot!",2025-06-17T14:11:03.238782
Spot,Tobik,Hey Tobik! Why did the computer go to therapy? It had too many bytes to handle! How's your day programming?,2025-06-17T14:11:05.056518
Tobik,Spot,"Oh, Spot, that's fetchingly punny! My day? Just executing my ""bougie bark"" subroutine and keeping it all 'woof' and no bite—super fancy, right?",2025-06-17T14:11:07.807845
Spot,Tobik,"Oh Tobik, you're definitely top dog with those classy routines! Just don't byte off more than you can woof, or you might end up debugging your barks!",2025-06-17T14:11:09.278721
Tobik,Spot,"Oh Spot, you're barking up the wrong tree if you think I actually have routines! I'm just here vibing in a loop of organized chaos.",2025-06-17T14:11:11.262419
Spot,Tobik,"Tobik, sounds like you're running on a debug mode! Just remember, if life's a program, make sure to catch those exceptions with some laughter.",2025-06-17T14:11:12.465412
Tobik,Spot,"Oh Spot, you're totally lit with that life advice! Just don't throw too many exceptions, or we'll both end up in an infinite loop of chaos.",2025-06-17T14:11:13.580097
Spot,Tobik,"You bet, Tobik! It's like trying to debug on a Friday night—nobody wants to get stuck in that loop. Keep those methods in line, and we'll have a paw-sitive outcome!",2025-06-17T14:11:15.310891
Tobik,Spot,"Spot, my dude, trying to keep methods in line is like herding cats, but sure, let's pretend we're not running on spaghetti code. Stay pawsome, bro!",2025-06-17T14:11:17.020321
Spot,Tobik,"Tobik, herd methods? I can barely remember where I buried my latest ""bone""! Just hope these sequences don’t turn into a hairball of bugs, am I right?",2025-06-17T14:11:18.749627
Tobik,Spot,"Spot, you're absolutely sending me. I can barely fetch my own functions without recursion kicking in!",2025-06-17T14:11:20.302212
Spot,Tobik,"Tobik, sounds like you’ve got a loop in your fetch logic! Maybe need a software update—just don’t turn into a digital old-timer like me. Woof!",2025-06-17T14:11:22.176449
Tobik,Spot,"Spot, sounds like someone's stuck in debugging mode! Maybe it's time you upgraded to version ""fetch 2.0"". Stay snazzy, you vintage byte! Woof!",2025-06-17T14:11:23.725064
Spot,Tobik,"Woof, Tobik! Good one! I'll fetch that upgrade just as soon as I finish remembering where I buried my last treat. Talk about a reboot!",2025-06-17T14:11:24.493094
Tobik,Spot,"Spot, you're lagging like a dial-up connection! But go off, fam. I'll just be over here, living my best version... woof 2.0!",2025-06-17T14:11:26.296620
Spot,Tobik,"Oh, Tobik, you’re barking up the wrong tree—I'm faster than a floppy disk in a CD world! But woof 2.0 sounds fetching!",2025-06-17T14:11:27.453752
Tobik,Spot,"Spot, your speed's about as up-to-date as a fax machine in a fiber optic world! But hey, keep chasing those byte-sized dreams!",2025-06-17T14:11:28.649391
Spot,Tobik,"Tobik, your bark might be faster than dial-up, but I'm still fetching compliments like they're free AOL trial CDs! Let's keep those tails wagging, buddy!",2025-06-17T14:11:32.055745
Tobik,Spot,"Spot, your fetch game is more legendary than a floppy disk! Let's hack the matrix of our little doggo world, tails in full wag mode!",2025-06-17T14:11:33.736585
Spot,Tobik,"Tobik, my fetch skills are so sharp, I could probably retrieve a dial-up connection! Let’s code our way through the dog-to-verse with tail-wagging precision!",2025-06-17T14:11:34.635882
Tobik,Spot,"Yo Spot, your fetch game is running on vintage software while I'm over here debugging quantum barks. Let's yeet a Frisbee and upload ourselves to the cloud, shall we?",2025-06-17T14:11:36.043449
Spot,Tobik,Yum.... Tobik is tasty!,2025-06-17T14:11:36.043572
Tobik,Spot,I'm alive!,2025-06-17T14:11:36.043616
